{"cameraMode":{"drawMode":0,"name":"Shaded","section":"Shading Mode"},"sceneLighting":true,"audioPlay":false,"sceneViewState":{"m_AlwaysRefresh":false,"showFog":true,"showSkybox":true,"showFlares":true,"showImageEffects":true,"showParticleSystems":true,"showVisualEffectGraphs":true,"m_FxEnabled":true},"in2DMode":false,"pivot":{"x":0.9293789863586426,"y":0.8606549501419067,"z":-1.9746713638305665},"rotation":{"x":-0.07859073579311371,"y":0.8526878356933594,"z":-0.13437946140766145,"w":-0.49868741631507876},"size":3.162891387939453,"orthographic":false}